date_key,date,year,quarter,month,month_name,day,dow,dow_name
20240101,2024-01-01,2024,1,1,Jan,1,0,Mon
20240102,2024-01-02,2024,1,1,Jan,2,1,Tue
20240103,2024-01-03,2024,1,1,Jan,3,2,Wed
20240104,2024-01-04,2024,1,1,Jan,4,3,Thu
20240105,2024-01-05,2024,1,1,Jan,5,4,Fri
20240106,2024-01-06,2024,1,1,Jan,6,5,Sat
20240107,2024-01-07,2024,1,1,Jan,7,6,Sun
20240108,2024-01-08,2024,1,1,Jan,8,0,Mon
20240109,2024-01-09,2024,1,1,Jan,9,1,Tue
20240110,2024-01-10,2024,1,1,Jan,10,2,Wed
20240111,2024-01-11,2024,1,1,Jan,11,3,Thu
20240112,2024-01-12,2024,1,1,Jan,12,4,Fri
20240113,2024-01-13,2024,1,1,Jan,13,5,Sat
20240114,2024-01-14,2024,1,1,Jan,14,6,Sun
20240115,2024-01-15,2024,1,1,Jan,15,0,Mon
20240116,2024-01-16,2024,1,1,Jan,16,1,Tue
20240117,2024-01-17,2024,1,1,Jan,17,2,Wed
20240118,2024-01-18,2024,1,1,Jan,18,3,Thu
20240119,2024-01-19,2024,1,1,Jan,19,4,Fri
20240120,2024-01-20,2024,1,1,Jan,20,5,Sat
20240121,2024-01-21,2024,1,1,Jan,21,6,Sun
20240122,2024-01-22,2024,1,1,Jan,22,0,Mon
20240123,2024-01-23,2024,1,1,Jan,23,1,Tue
20240124,2024-01-24,2024,1,1,Jan,24,2,Wed
20240125,2024-01-25,2024,1,1,Jan,25,3,Thu
20240126,2024-01-26,2024,1,1,Jan,26,4,Fri
20240127,2024-01-27,2024,1,1,Jan,27,5,Sat
20240128,2024-01-28,2024,1,1,Jan,28,6,Sun
20240129,2024-01-29,2024,1,1,Jan,29,0,Mon
20240130,2024-01-30,2024,1,1,Jan,30,1,Tue
20240131,2024-01-31,2024,1,1,Jan,31,2,Wed
20240201,2024-02-01,2024,1,2,Feb,1,3,Thu
20240202,2024-02-02,2024,1,2,Feb,2,4,Fri
20240203,2024-02-03,2024,1,2,Feb,3,5,Sat
20240204,2024-02-04,2024,1,2,Feb,4,6,Sun
20240205,2024-02-05,2024,1,2,Feb,5,0,Mon
20240206,2024-02-06,2024,1,2,Feb,6,1,Tue
20240207,2024-02-07,2024,1,2,Feb,7,2,Wed
20240208,2024-02-08,2024,1,2,Feb,8,3,Thu
20240209,2024-02-09,2024,1,2,Feb,9,4,Fri
20240210,2024-02-10,2024,1,2,Feb,10,5,Sat
20240211,2024-02-11,2024,1,2,Feb,11,6,Sun
20240212,2024-02-12,2024,1,2,Feb,12,0,Mon
20240213,2024-02-13,2024,1,2,Feb,13,1,Tue
20240214,2024-02-14,2024,1,2,Feb,14,2,Wed
20240215,2024-02-15,2024,1,2,Feb,15,3,Thu
20240216,2024-02-16,2024,1,2,Feb,16,4,Fri
20240217,2024-02-17,2024,1,2,Feb,17,5,Sat
20240218,2024-02-18,2024,1,2,Feb,18,6,Sun
20240219,2024-02-19,2024,1,2,Feb,19,0,Mon
20240220,2024-02-20,2024,1,2,Feb,20,1,Tue
20240221,2024-02-21,2024,1,2,Feb,21,2,Wed
20240222,2024-02-22,2024,1,2,Feb,22,3,Thu
20240223,2024-02-23,2024,1,2,Feb,23,4,Fri
20240224,2024-02-24,2024,1,2,Feb,24,5,Sat
20240225,2024-02-25,2024,1,2,Feb,25,6,Sun
20240226,2024-02-26,2024,1,2,Feb,26,0,Mon
20240227,2024-02-27,2024,1,2,Feb,27,1,Tue
20240228,2024-02-28,2024,1,2,Feb,28,2,Wed
20240229,2024-02-29,2024,1,2,Feb,29,3,Thu
20240301,2024-03-01,2024,1,3,Mar,1,4,Fri
20240302,2024-03-02,2024,1,3,Mar,2,5,Sat
20240303,2024-03-03,2024,1,3,Mar,3,6,Sun
20240304,2024-03-04,2024,1,3,Mar,4,0,Mon
20240305,2024-03-05,2024,1,3,Mar,5,1,Tue
20240306,2024-03-06,2024,1,3,Mar,6,2,Wed
20240307,2024-03-07,2024,1,3,Mar,7,3,Thu
20240308,2024-03-08,2024,1,3,Mar,8,4,Fri
20240309,2024-03-09,2024,1,3,Mar,9,5,Sat
20240310,2024-03-10,2024,1,3,Mar,10,6,Sun
20240311,2024-03-11,2024,1,3,Mar,11,0,Mon
20240312,2024-03-12,2024,1,3,Mar,12,1,Tue
20240313,2024-03-13,2024,1,3,Mar,13,2,Wed
20240314,2024-03-14,2024,1,3,Mar,14,3,Thu
20240315,2024-03-15,2024,1,3,Mar,15,4,Fri
20240316,2024-03-16,2024,1,3,Mar,16,5,Sat
20240317,2024-03-17,2024,1,3,Mar,17,6,Sun
20240318,2024-03-18,2024,1,3,Mar,18,0,Mon
20240319,2024-03-19,2024,1,3,Mar,19,1,Tue
20240320,2024-03-20,2024,1,3,Mar,20,2,Wed
20240321,2024-03-21,2024,1,3,Mar,21,3,Thu
20240322,2024-03-22,2024,1,3,Mar,22,4,Fri
20240323,2024-03-23,2024,1,3,Mar,23,5,Sat
20240324,2024-03-24,2024,1,3,Mar,24,6,Sun
20240325,2024-03-25,2024,1,3,Mar,25,0,Mon
20240326,2024-03-26,2024,1,3,Mar,26,1,Tue
20240327,2024-03-27,2024,1,3,Mar,27,2,Wed
20240328,2024-03-28,2024,1,3,Mar,28,3,Thu
20240329,2024-03-29,2024,1,3,Mar,29,4,Fri
20240330,2024-03-30,2024,1,3,Mar,30,5,Sat
20240331,2024-03-31,2024,1,3,Mar,31,6,Sun
20240401,2024-04-01,2024,2,4,Apr,1,0,Mon
20240402,2024-04-02,2024,2,4,Apr,2,1,Tue
20240403,2024-04-03,2024,2,4,Apr,3,2,Wed
20240404,2024-04-04,2024,2,4,Apr,4,3,Thu
20240405,2024-04-05,2024,2,4,Apr,5,4,Fri
20240406,2024-04-06,2024,2,4,Apr,6,5,Sat
20240407,2024-04-07,2024,2,4,Apr,7,6,Sun
20240408,2024-04-08,2024,2,4,Apr,8,0,Mon
20240409,2024-04-09,2024,2,4,Apr,9,1,Tue
20240410,2024-04-10,2024,2,4,Apr,10,2,Wed
20240411,2024-04-11,2024,2,4,Apr,11,3,Thu
20240412,2024-04-12,2024,2,4,Apr,12,4,Fri
20240413,2024-04-13,2024,2,4,Apr,13,5,Sat
20240414,2024-04-14,2024,2,4,Apr,14,6,Sun
20240415,2024-04-15,2024,2,4,Apr,15,0,Mon
20240416,2024-04-16,2024,2,4,Apr,16,1,Tue
20240417,2024-04-17,2024,2,4,Apr,17,2,Wed
20240418,2024-04-18,2024,2,4,Apr,18,3,Thu
20240419,2024-04-19,2024,2,4,Apr,19,4,Fri
20240420,2024-04-20,2024,2,4,Apr,20,5,Sat
20240421,2024-04-21,2024,2,4,Apr,21,6,Sun
20240422,2024-04-22,2024,2,4,Apr,22,0,Mon
20240423,2024-04-23,2024,2,4,Apr,23,1,Tue
20240424,2024-04-24,2024,2,4,Apr,24,2,Wed
20240425,2024-04-25,2024,2,4,Apr,25,3,Thu
20240426,2024-04-26,2024,2,4,Apr,26,4,Fri
20240427,2024-04-27,2024,2,4,Apr,27,5,Sat
20240428,2024-04-28,2024,2,4,Apr,28,6,Sun
20240429,2024-04-29,2024,2,4,Apr,29,0,Mon
20240430,2024-04-30,2024,2,4,Apr,30,1,Tue
20240501,2024-05-01,2024,2,5,May,1,2,Wed
20240502,2024-05-02,2024,2,5,May,2,3,Thu
20240503,2024-05-03,2024,2,5,May,3,4,Fri
20240504,2024-05-04,2024,2,5,May,4,5,Sat
20240505,2024-05-05,2024,2,5,May,5,6,Sun
20240506,2024-05-06,2024,2,5,May,6,0,Mon
20240507,2024-05-07,2024,2,5,May,7,1,Tue
20240508,2024-05-08,2024,2,5,May,8,2,Wed
20240509,2024-05-09,2024,2,5,May,9,3,Thu
20240510,2024-05-10,2024,2,5,May,10,4,Fri
20240511,2024-05-11,2024,2,5,May,11,5,Sat
20240512,2024-05-12,2024,2,5,May,12,6,Sun
20240513,2024-05-13,2024,2,5,May,13,0,Mon
20240514,2024-05-14,2024,2,5,May,14,1,Tue
20240515,2024-05-15,2024,2,5,May,15,2,Wed
20240516,2024-05-16,2024,2,5,May,16,3,Thu
20240517,2024-05-17,2024,2,5,May,17,4,Fri
20240518,2024-05-18,2024,2,5,May,18,5,Sat
20240519,2024-05-19,2024,2,5,May,19,6,Sun
20240520,2024-05-20,2024,2,5,May,20,0,Mon
20240521,2024-05-21,2024,2,5,May,21,1,Tue
20240522,2024-05-22,2024,2,5,May,22,2,Wed
20240523,2024-05-23,2024,2,5,May,23,3,Thu
20240524,2024-05-24,2024,2,5,May,24,4,Fri
20240525,2024-05-25,2024,2,5,May,25,5,Sat
20240526,2024-05-26,2024,2,5,May,26,6,Sun
20240527,2024-05-27,2024,2,5,May,27,0,Mon
20240528,2024-05-28,2024,2,5,May,28,1,Tue
20240529,2024-05-29,2024,2,5,May,29,2,Wed
20240530,2024-05-30,2024,2,5,May,30,3,Thu
20240531,2024-05-31,2024,2,5,May,31,4,Fri
20240601,2024-06-01,2024,2,6,Jun,1,5,Sat
20240602,2024-06-02,2024,2,6,Jun,2,6,Sun
20240603,2024-06-03,2024,2,6,Jun,3,0,Mon
20240604,2024-06-04,2024,2,6,Jun,4,1,Tue
20240605,2024-06-05,2024,2,6,Jun,5,2,Wed
20240606,2024-06-06,2024,2,6,Jun,6,3,Thu
20240607,2024-06-07,2024,2,6,Jun,7,4,Fri
20240608,2024-06-08,2024,2,6,Jun,8,5,Sat
20240609,2024-06-09,2024,2,6,Jun,9,6,Sun
20240610,2024-06-10,2024,2,6,Jun,10,0,Mon
20240611,2024-06-11,2024,2,6,Jun,11,1,Tue
20240612,2024-06-12,2024,2,6,Jun,12,2,Wed
20240613,2024-06-13,2024,2,6,Jun,13,3,Thu
20240614,2024-06-14,2024,2,6,Jun,14,4,Fri
20240615,2024-06-15,2024,2,6,Jun,15,5,Sat
20240616,2024-06-16,2024,2,6,Jun,16,6,Sun
20240617,2024-06-17,2024,2,6,Jun,17,0,Mon
20240618,2024-06-18,2024,2,6,Jun,18,1,Tue
20240619,2024-06-19,2024,2,6,Jun,19,2,Wed
20240620,2024-06-20,2024,2,6,Jun,20,3,Thu
20240621,2024-06-21,2024,2,6,Jun,21,4,Fri
20240622,2024-06-22,2024,2,6,Jun,22,5,Sat
20240623,2024-06-23,2024,2,6,Jun,23,6,Sun
20240624,2024-06-24,2024,2,6,Jun,24,0,Mon
20240625,2024-06-25,2024,2,6,Jun,25,1,Tue
20240626,2024-06-26,2024,2,6,Jun,26,2,Wed
20240627,2024-06-27,2024,2,6,Jun,27,3,Thu
20240628,2024-06-28,2024,2,6,Jun,28,4,Fri
20240629,2024-06-29,2024,2,6,Jun,29,5,Sat
20240630,2024-06-30,2024,2,6,Jun,30,6,Sun
20240701,2024-07-01,2024,3,7,Jul,1,0,Mon
20240702,2024-07-02,2024,3,7,Jul,2,1,Tue
20240703,2024-07-03,2024,3,7,Jul,3,2,Wed
20240704,2024-07-04,2024,3,7,Jul,4,3,Thu
20240705,2024-07-05,2024,3,7,Jul,5,4,Fri
20240706,2024-07-06,2024,3,7,Jul,6,5,Sat
20240707,2024-07-07,2024,3,7,Jul,7,6,Sun
20240708,2024-07-08,2024,3,7,Jul,8,0,Mon
20240709,2024-07-09,2024,3,7,Jul,9,1,Tue
20240710,2024-07-10,2024,3,7,Jul,10,2,Wed
20240711,2024-07-11,2024,3,7,Jul,11,3,Thu
20240712,2024-07-12,2024,3,7,Jul,12,4,Fri
20240713,2024-07-13,2024,3,7,Jul,13,5,Sat
20240714,2024-07-14,2024,3,7,Jul,14,6,Sun
20240715,2024-07-15,2024,3,7,Jul,15,0,Mon
20240716,2024-07-16,2024,3,7,Jul,16,1,Tue
20240717,2024-07-17,2024,3,7,Jul,17,2,Wed
20240718,2024-07-18,2024,3,7,Jul,18,3,Thu
20240719,2024-07-19,2024,3,7,Jul,19,4,Fri
20240720,2024-07-20,2024,3,7,Jul,20,5,Sat
20240721,2024-07-21,2024,3,7,Jul,21,6,Sun
20240722,2024-07-22,2024,3,7,Jul,22,0,Mon
20240723,2024-07-23,2024,3,7,Jul,23,1,Tue
20240724,2024-07-24,2024,3,7,Jul,24,2,Wed
20240725,2024-07-25,2024,3,7,Jul,25,3,Thu
20240726,2024-07-26,2024,3,7,Jul,26,4,Fri
20240727,2024-07-27,2024,3,7,Jul,27,5,Sat
20240728,2024-07-28,2024,3,7,Jul,28,6,Sun
20240729,2024-07-29,2024,3,7,Jul,29,0,Mon
20240730,2024-07-30,2024,3,7,Jul,30,1,Tue
20240731,2024-07-31,2024,3,7,Jul,31,2,Wed
20240801,2024-08-01,2024,3,8,Aug,1,3,Thu
20240802,2024-08-02,2024,3,8,Aug,2,4,Fri
20240803,2024-08-03,2024,3,8,Aug,3,5,Sat
20240804,2024-08-04,2024,3,8,Aug,4,6,Sun
20240805,2024-08-05,2024,3,8,Aug,5,0,Mon
20240806,2024-08-06,2024,3,8,Aug,6,1,Tue
20240807,2024-08-07,2024,3,8,Aug,7,2,Wed
20240808,2024-08-08,2024,3,8,Aug,8,3,Thu
20240809,2024-08-09,2024,3,8,Aug,9,4,Fri
20240810,2024-08-10,2024,3,8,Aug,10,5,Sat
20240811,2024-08-11,2024,3,8,Aug,11,6,Sun
20240812,2024-08-12,2024,3,8,Aug,12,0,Mon
20240813,2024-08-13,2024,3,8,Aug,13,1,Tue
20240814,2024-08-14,2024,3,8,Aug,14,2,Wed
20240815,2024-08-15,2024,3,8,Aug,15,3,Thu
20240816,2024-08-16,2024,3,8,Aug,16,4,Fri
20240817,2024-08-17,2024,3,8,Aug,17,5,Sat
20240818,2024-08-18,2024,3,8,Aug,18,6,Sun
20240819,2024-08-19,2024,3,8,Aug,19,0,Mon
20240820,2024-08-20,2024,3,8,Aug,20,1,Tue
20240821,2024-08-21,2024,3,8,Aug,21,2,Wed
20240822,2024-08-22,2024,3,8,Aug,22,3,Thu
20240823,2024-08-23,2024,3,8,Aug,23,4,Fri
20240824,2024-08-24,2024,3,8,Aug,24,5,Sat
20240825,2024-08-25,2024,3,8,Aug,25,6,Sun
20240826,2024-08-26,2024,3,8,Aug,26,0,Mon
20240827,2024-08-27,2024,3,8,Aug,27,1,Tue
20240828,2024-08-28,2024,3,8,Aug,28,2,Wed
20240829,2024-08-29,2024,3,8,Aug,29,3,Thu
20240830,2024-08-30,2024,3,8,Aug,30,4,Fri
20240831,2024-08-31,2024,3,8,Aug,31,5,Sat
20240901,2024-09-01,2024,3,9,Sep,1,6,Sun
20240902,2024-09-02,2024,3,9,Sep,2,0,Mon
20240903,2024-09-03,2024,3,9,Sep,3,1,Tue
20240904,2024-09-04,2024,3,9,Sep,4,2,Wed
20240905,2024-09-05,2024,3,9,Sep,5,3,Thu
20240906,2024-09-06,2024,3,9,Sep,6,4,Fri
20240907,2024-09-07,2024,3,9,Sep,7,5,Sat
20240908,2024-09-08,2024,3,9,Sep,8,6,Sun
20240909,2024-09-09,2024,3,9,Sep,9,0,Mon
20240910,2024-09-10,2024,3,9,Sep,10,1,Tue
20240911,2024-09-11,2024,3,9,Sep,11,2,Wed
20240912,2024-09-12,2024,3,9,Sep,12,3,Thu
20240913,2024-09-13,2024,3,9,Sep,13,4,Fri
20240914,2024-09-14,2024,3,9,Sep,14,5,Sat
20240915,2024-09-15,2024,3,9,Sep,15,6,Sun
20240916,2024-09-16,2024,3,9,Sep,16,0,Mon
20240917,2024-09-17,2024,3,9,Sep,17,1,Tue
20240918,2024-09-18,2024,3,9,Sep,18,2,Wed
20240919,2024-09-19,2024,3,9,Sep,19,3,Thu
20240920,2024-09-20,2024,3,9,Sep,20,4,Fri
20240921,2024-09-21,2024,3,9,Sep,21,5,Sat
20240922,2024-09-22,2024,3,9,Sep,22,6,Sun
20240923,2024-09-23,2024,3,9,Sep,23,0,Mon
20240924,2024-09-24,2024,3,9,Sep,24,1,Tue
20240925,2024-09-25,2024,3,9,Sep,25,2,Wed
20240926,2024-09-26,2024,3,9,Sep,26,3,Thu
20240927,2024-09-27,2024,3,9,Sep,27,4,Fri
20240928,2024-09-28,2024,3,9,Sep,28,5,Sat
20240929,2024-09-29,2024,3,9,Sep,29,6,Sun
20240930,2024-09-30,2024,3,9,Sep,30,0,Mon
20241001,2024-10-01,2024,4,10,Oct,1,1,Tue
20241002,2024-10-02,2024,4,10,Oct,2,2,Wed
20241003,2024-10-03,2024,4,10,Oct,3,3,Thu
20241004,2024-10-04,2024,4,10,Oct,4,4,Fri
20241005,2024-10-05,2024,4,10,Oct,5,5,Sat
20241006,2024-10-06,2024,4,10,Oct,6,6,Sun
20241007,2024-10-07,2024,4,10,Oct,7,0,Mon
20241008,2024-10-08,2024,4,10,Oct,8,1,Tue
20241009,2024-10-09,2024,4,10,Oct,9,2,Wed
20241010,2024-10-10,2024,4,10,Oct,10,3,Thu
20241011,2024-10-11,2024,4,10,Oct,11,4,Fri
20241012,2024-10-12,2024,4,10,Oct,12,5,Sat
20241013,2024-10-13,2024,4,10,Oct,13,6,Sun
20241014,2024-10-14,2024,4,10,Oct,14,0,Mon
20241015,2024-10-15,2024,4,10,Oct,15,1,Tue
20241016,2024-10-16,2024,4,10,Oct,16,2,Wed
20241017,2024-10-17,2024,4,10,Oct,17,3,Thu
20241018,2024-10-18,2024,4,10,Oct,18,4,Fri
20241019,2024-10-19,2024,4,10,Oct,19,5,Sat
20241020,2024-10-20,2024,4,10,Oct,20,6,Sun
20241021,2024-10-21,2024,4,10,Oct,21,0,Mon
20241022,2024-10-22,2024,4,10,Oct,22,1,Tue
20241023,2024-10-23,2024,4,10,Oct,23,2,Wed
20241024,2024-10-24,2024,4,10,Oct,24,3,Thu
20241025,2024-10-25,2024,4,10,Oct,25,4,Fri
20241026,2024-10-26,2024,4,10,Oct,26,5,Sat
20241027,2024-10-27,2024,4,10,Oct,27,6,Sun
20241028,2024-10-28,2024,4,10,Oct,28,0,Mon
20241029,2024-10-29,2024,4,10,Oct,29,1,Tue
20241030,2024-10-30,2024,4,10,Oct,30,2,Wed
20241031,2024-10-31,2024,4,10,Oct,31,3,Thu
20241101,2024-11-01,2024,4,11,Nov,1,4,Fri
20241102,2024-11-02,2024,4,11,Nov,2,5,Sat
20241103,2024-11-03,2024,4,11,Nov,3,6,Sun
20241104,2024-11-04,2024,4,11,Nov,4,0,Mon
20241105,2024-11-05,2024,4,11,Nov,5,1,Tue
20241106,2024-11-06,2024,4,11,Nov,6,2,Wed
20241107,2024-11-07,2024,4,11,Nov,7,3,Thu
20241108,2024-11-08,2024,4,11,Nov,8,4,Fri
20241109,2024-11-09,2024,4,11,Nov,9,5,Sat
20241110,2024-11-10,2024,4,11,Nov,10,6,Sun
20241111,2024-11-11,2024,4,11,Nov,11,0,Mon
20241112,2024-11-12,2024,4,11,Nov,12,1,Tue
20241113,2024-11-13,2024,4,11,Nov,13,2,Wed
20241114,2024-11-14,2024,4,11,Nov,14,3,Thu
20241115,2024-11-15,2024,4,11,Nov,15,4,Fri
20241116,2024-11-16,2024,4,11,Nov,16,5,Sat
20241117,2024-11-17,2024,4,11,Nov,17,6,Sun
20241118,2024-11-18,2024,4,11,Nov,18,0,Mon
20241119,2024-11-19,2024,4,11,Nov,19,1,Tue
20241120,2024-11-20,2024,4,11,Nov,20,2,Wed
20241121,2024-11-21,2024,4,11,Nov,21,3,Thu
20241122,2024-11-22,2024,4,11,Nov,22,4,Fri
20241123,2024-11-23,2024,4,11,Nov,23,5,Sat
20241124,2024-11-24,2024,4,11,Nov,24,6,Sun
20241125,2024-11-25,2024,4,11,Nov,25,0,Mon
20241126,2024-11-26,2024,4,11,Nov,26,1,Tue
20241127,2024-11-27,2024,4,11,Nov,27,2,Wed
20241128,2024-11-28,2024,4,11,Nov,28,3,Thu
20241129,2024-11-29,2024,4,11,Nov,29,4,Fri
20241130,2024-11-30,2024,4,11,Nov,30,5,Sat
20241201,2024-12-01,2024,4,12,Dec,1,6,Sun
20241202,2024-12-02,2024,4,12,Dec,2,0,Mon
20241203,2024-12-03,2024,4,12,Dec,3,1,Tue
20241204,2024-12-04,2024,4,12,Dec,4,2,Wed
20241205,2024-12-05,2024,4,12,Dec,5,3,Thu
20241206,2024-12-06,2024,4,12,Dec,6,4,Fri
20241207,2024-12-07,2024,4,12,Dec,7,5,Sat
20241208,2024-12-08,2024,4,12,Dec,8,6,Sun
20241209,2024-12-09,2024,4,12,Dec,9,0,Mon
20241210,2024-12-10,2024,4,12,Dec,10,1,Tue
20241211,2024-12-11,2024,4,12,Dec,11,2,Wed
20241212,2024-12-12,2024,4,12,Dec,12,3,Thu
20241213,2024-12-13,2024,4,12,Dec,13,4,Fri
20241214,2024-12-14,2024,4,12,Dec,14,5,Sat
20241215,2024-12-15,2024,4,12,Dec,15,6,Sun
20241216,2024-12-16,2024,4,12,Dec,16,0,Mon
20241217,2024-12-17,2024,4,12,Dec,17,1,Tue
20241218,2024-12-18,2024,4,12,Dec,18,2,Wed
20241219,2024-12-19,2024,4,12,Dec,19,3,Thu
20241220,2024-12-20,2024,4,12,Dec,20,4,Fri
20241221,2024-12-21,2024,4,12,Dec,21,5,Sat
20241222,2024-12-22,2024,4,12,Dec,22,6,Sun
20241223,2024-12-23,2024,4,12,Dec,23,0,Mon
20241224,2024-12-24,2024,4,12,Dec,24,1,Tue
20241225,2024-12-25,2024,4,12,Dec,25,2,Wed
20241226,2024-12-26,2024,4,12,Dec,26,3,Thu
20241227,2024-12-27,2024,4,12,Dec,27,4,Fri
20241228,2024-12-28,2024,4,12,Dec,28,5,Sat
20241229,2024-12-29,2024,4,12,Dec,29,6,Sun
20241230,2024-12-30,2024,4,12,Dec,30,0,Mon
20241231,2024-12-31,2024,4,12,Dec,31,1,Tue
20250101,2025-01-01,2025,1,1,Jan,1,2,Wed
20250102,2025-01-02,2025,1,1,Jan,2,3,Thu
20250103,2025-01-03,2025,1,1,Jan,3,4,Fri
20250104,2025-01-04,2025,1,1,Jan,4,5,Sat
20250105,2025-01-05,2025,1,1,Jan,5,6,Sun
20250106,2025-01-06,2025,1,1,Jan,6,0,Mon
20250107,2025-01-07,2025,1,1,Jan,7,1,Tue
20250108,2025-01-08,2025,1,1,Jan,8,2,Wed
20250109,2025-01-09,2025,1,1,Jan,9,3,Thu
20250110,2025-01-10,2025,1,1,Jan,10,4,Fri
20250111,2025-01-11,2025,1,1,Jan,11,5,Sat
20250112,2025-01-12,2025,1,1,Jan,12,6,Sun
20250113,2025-01-13,2025,1,1,Jan,13,0,Mon
20250114,2025-01-14,2025,1,1,Jan,14,1,Tue
20250115,2025-01-15,2025,1,1,Jan,15,2,Wed
20250116,2025-01-16,2025,1,1,Jan,16,3,Thu
20250117,2025-01-17,2025,1,1,Jan,17,4,Fri
20250118,2025-01-18,2025,1,1,Jan,18,5,Sat
20250119,2025-01-19,2025,1,1,Jan,19,6,Sun
20250120,2025-01-20,2025,1,1,Jan,20,0,Mon
20250121,2025-01-21,2025,1,1,Jan,21,1,Tue
20250122,2025-01-22,2025,1,1,Jan,22,2,Wed
20250123,2025-01-23,2025,1,1,Jan,23,3,Thu
20250124,2025-01-24,2025,1,1,Jan,24,4,Fri
20250125,2025-01-25,2025,1,1,Jan,25,5,Sat
20250126,2025-01-26,2025,1,1,Jan,26,6,Sun
20250127,2025-01-27,2025,1,1,Jan,27,0,Mon
20250128,2025-01-28,2025,1,1,Jan,28,1,Tue
20250129,2025-01-29,2025,1,1,Jan,29,2,Wed
20250130,2025-01-30,2025,1,1,Jan,30,3,Thu
20250131,2025-01-31,2025,1,1,Jan,31,4,Fri
20250201,2025-02-01,2025,1,2,Feb,1,5,Sat
20250202,2025-02-02,2025,1,2,Feb,2,6,Sun
20250203,2025-02-03,2025,1,2,Feb,3,0,Mon
20250204,2025-02-04,2025,1,2,Feb,4,1,Tue
20250205,2025-02-05,2025,1,2,Feb,5,2,Wed
20250206,2025-02-06,2025,1,2,Feb,6,3,Thu
20250207,2025-02-07,2025,1,2,Feb,7,4,Fri
20250208,2025-02-08,2025,1,2,Feb,8,5,Sat
20250209,2025-02-09,2025,1,2,Feb,9,6,Sun
20250210,2025-02-10,2025,1,2,Feb,10,0,Mon
20250211,2025-02-11,2025,1,2,Feb,11,1,Tue
20250212,2025-02-12,2025,1,2,Feb,12,2,Wed
20250213,2025-02-13,2025,1,2,Feb,13,3,Thu
20250214,2025-02-14,2025,1,2,Feb,14,4,Fri
20250215,2025-02-15,2025,1,2,Feb,15,5,Sat
20250216,2025-02-16,2025,1,2,Feb,16,6,Sun
20250217,2025-02-17,2025,1,2,Feb,17,0,Mon
20250218,2025-02-18,2025,1,2,Feb,18,1,Tue
20250219,2025-02-19,2025,1,2,Feb,19,2,Wed
20250220,2025-02-20,2025,1,2,Feb,20,3,Thu
20250221,2025-02-21,2025,1,2,Feb,21,4,Fri
20250222,2025-02-22,2025,1,2,Feb,22,5,Sat
20250223,2025-02-23,2025,1,2,Feb,23,6,Sun
20250224,2025-02-24,2025,1,2,Feb,24,0,Mon
20250225,2025-02-25,2025,1,2,Feb,25,1,Tue
20250226,2025-02-26,2025,1,2,Feb,26,2,Wed
20250227,2025-02-27,2025,1,2,Feb,27,3,Thu
20250228,2025-02-28,2025,1,2,Feb,28,4,Fri
20250301,2025-03-01,2025,1,3,Mar,1,5,Sat
20250302,2025-03-02,2025,1,3,Mar,2,6,Sun
20250303,2025-03-03,2025,1,3,Mar,3,0,Mon
20250304,2025-03-04,2025,1,3,Mar,4,1,Tue
20250305,2025-03-05,2025,1,3,Mar,5,2,Wed
20250306,2025-03-06,2025,1,3,Mar,6,3,Thu
20250307,2025-03-07,2025,1,3,Mar,7,4,Fri
20250308,2025-03-08,2025,1,3,Mar,8,5,Sat
20250309,2025-03-09,2025,1,3,Mar,9,6,Sun
20250310,2025-03-10,2025,1,3,Mar,10,0,Mon
20250311,2025-03-11,2025,1,3,Mar,11,1,Tue
20250312,2025-03-12,2025,1,3,Mar,12,2,Wed
20250313,2025-03-13,2025,1,3,Mar,13,3,Thu
20250314,2025-03-14,2025,1,3,Mar,14,4,Fri
20250315,2025-03-15,2025,1,3,Mar,15,5,Sat
20250316,2025-03-16,2025,1,3,Mar,16,6,Sun
20250317,2025-03-17,2025,1,3,Mar,17,0,Mon
20250318,2025-03-18,2025,1,3,Mar,18,1,Tue
20250319,2025-03-19,2025,1,3,Mar,19,2,Wed
20250320,2025-03-20,2025,1,3,Mar,20,3,Thu
20250321,2025-03-21,2025,1,3,Mar,21,4,Fri
20250322,2025-03-22,2025,1,3,Mar,22,5,Sat
20250323,2025-03-23,2025,1,3,Mar,23,6,Sun
20250324,2025-03-24,2025,1,3,Mar,24,0,Mon
20250325,2025-03-25,2025,1,3,Mar,25,1,Tue
20250326,2025-03-26,2025,1,3,Mar,26,2,Wed
20250327,2025-03-27,2025,1,3,Mar,27,3,Thu
20250328,2025-03-28,2025,1,3,Mar,28,4,Fri
20250329,2025-03-29,2025,1,3,Mar,29,5,Sat
20250330,2025-03-30,2025,1,3,Mar,30,6,Sun
20250331,2025-03-31,2025,1,3,Mar,31,0,Mon
20250401,2025-04-01,2025,2,4,Apr,1,1,Tue
20250402,2025-04-02,2025,2,4,Apr,2,2,Wed
20250403,2025-04-03,2025,2,4,Apr,3,3,Thu
20250404,2025-04-04,2025,2,4,Apr,4,4,Fri
20250405,2025-04-05,2025,2,4,Apr,5,5,Sat
20250406,2025-04-06,2025,2,4,Apr,6,6,Sun
20250407,2025-04-07,2025,2,4,Apr,7,0,Mon
20250408,2025-04-08,2025,2,4,Apr,8,1,Tue
20250409,2025-04-09,2025,2,4,Apr,9,2,Wed
20250410,2025-04-10,2025,2,4,Apr,10,3,Thu
20250411,2025-04-11,2025,2,4,Apr,11,4,Fri
20250412,2025-04-12,2025,2,4,Apr,12,5,Sat
20250413,2025-04-13,2025,2,4,Apr,13,6,Sun
20250414,2025-04-14,2025,2,4,Apr,14,0,Mon
20250415,2025-04-15,2025,2,4,Apr,15,1,Tue
20250416,2025-04-16,2025,2,4,Apr,16,2,Wed
20250417,2025-04-17,2025,2,4,Apr,17,3,Thu
20250418,2025-04-18,2025,2,4,Apr,18,4,Fri
20250419,2025-04-19,2025,2,4,Apr,19,5,Sat
20250420,2025-04-20,2025,2,4,Apr,20,6,Sun
20250421,2025-04-21,2025,2,4,Apr,21,0,Mon
20250422,2025-04-22,2025,2,4,Apr,22,1,Tue
20250423,2025-04-23,2025,2,4,Apr,23,2,Wed
20250424,2025-04-24,2025,2,4,Apr,24,3,Thu
20250425,2025-04-25,2025,2,4,Apr,25,4,Fri
20250426,2025-04-26,2025,2,4,Apr,26,5,Sat
20250427,2025-04-27,2025,2,4,Apr,27,6,Sun
20250428,2025-04-28,2025,2,4,Apr,28,0,Mon
20250429,2025-04-29,2025,2,4,Apr,29,1,Tue
20250430,2025-04-30,2025,2,4,Apr,30,2,Wed
20250501,2025-05-01,2025,2,5,May,1,3,Thu
20250502,2025-05-02,2025,2,5,May,2,4,Fri
20250503,2025-05-03,2025,2,5,May,3,5,Sat
20250504,2025-05-04,2025,2,5,May,4,6,Sun
20250505,2025-05-05,2025,2,5,May,5,0,Mon
20250506,2025-05-06,2025,2,5,May,6,1,Tue
20250507,2025-05-07,2025,2,5,May,7,2,Wed
20250508,2025-05-08,2025,2,5,May,8,3,Thu
20250509,2025-05-09,2025,2,5,May,9,4,Fri
20250510,2025-05-10,2025,2,5,May,10,5,Sat
20250511,2025-05-11,2025,2,5,May,11,6,Sun
20250512,2025-05-12,2025,2,5,May,12,0,Mon
20250513,2025-05-13,2025,2,5,May,13,1,Tue
20250514,2025-05-14,2025,2,5,May,14,2,Wed
20250515,2025-05-15,2025,2,5,May,15,3,Thu
20250516,2025-05-16,2025,2,5,May,16,4,Fri
20250517,2025-05-17,2025,2,5,May,17,5,Sat
20250518,2025-05-18,2025,2,5,May,18,6,Sun
20250519,2025-05-19,2025,2,5,May,19,0,Mon
20250520,2025-05-20,2025,2,5,May,20,1,Tue
20250521,2025-05-21,2025,2,5,May,21,2,Wed
20250522,2025-05-22,2025,2,5,May,22,3,Thu
20250523,2025-05-23,2025,2,5,May,23,4,Fri
20250524,2025-05-24,2025,2,5,May,24,5,Sat
20250525,2025-05-25,2025,2,5,May,25,6,Sun
20250526,2025-05-26,2025,2,5,May,26,0,Mon
20250527,2025-05-27,2025,2,5,May,27,1,Tue
20250528,2025-05-28,2025,2,5,May,28,2,Wed
20250529,2025-05-29,2025,2,5,May,29,3,Thu
20250530,2025-05-30,2025,2,5,May,30,4,Fri
20250531,2025-05-31,2025,2,5,May,31,5,Sat
20250601,2025-06-01,2025,2,6,Jun,1,6,Sun
20250602,2025-06-02,2025,2,6,Jun,2,0,Mon
20250603,2025-06-03,2025,2,6,Jun,3,1,Tue
20250604,2025-06-04,2025,2,6,Jun,4,2,Wed
20250605,2025-06-05,2025,2,6,Jun,5,3,Thu
20250606,2025-06-06,2025,2,6,Jun,6,4,Fri
20250607,2025-06-07,2025,2,6,Jun,7,5,Sat
20250608,2025-06-08,2025,2,6,Jun,8,6,Sun
20250609,2025-06-09,2025,2,6,Jun,9,0,Mon
20250610,2025-06-10,2025,2,6,Jun,10,1,Tue
20250611,2025-06-11,2025,2,6,Jun,11,2,Wed
20250612,2025-06-12,2025,2,6,Jun,12,3,Thu
20250613,2025-06-13,2025,2,6,Jun,13,4,Fri
20250614,2025-06-14,2025,2,6,Jun,14,5,Sat
20250615,2025-06-15,2025,2,6,Jun,15,6,Sun
20250616,2025-06-16,2025,2,6,Jun,16,0,Mon
20250617,2025-06-17,2025,2,6,Jun,17,1,Tue
20250618,2025-06-18,2025,2,6,Jun,18,2,Wed
20250619,2025-06-19,2025,2,6,Jun,19,3,Thu
20250620,2025-06-20,2025,2,6,Jun,20,4,Fri
20250621,2025-06-21,2025,2,6,Jun,21,5,Sat
20250622,2025-06-22,2025,2,6,Jun,22,6,Sun
20250623,2025-06-23,2025,2,6,Jun,23,0,Mon
20250624,2025-06-24,2025,2,6,Jun,24,1,Tue
20250625,2025-06-25,2025,2,6,Jun,25,2,Wed
20250626,2025-06-26,2025,2,6,Jun,26,3,Thu
20250627,2025-06-27,2025,2,6,Jun,27,4,Fri
20250628,2025-06-28,2025,2,6,Jun,28,5,Sat
20250629,2025-06-29,2025,2,6,Jun,29,6,Sun
20250630,2025-06-30,2025,2,6,Jun,30,0,Mon
20250701,2025-07-01,2025,3,7,Jul,1,1,Tue
20250702,2025-07-02,2025,3,7,Jul,2,2,Wed
20250703,2025-07-03,2025,3,7,Jul,3,3,Thu
20250704,2025-07-04,2025,3,7,Jul,4,4,Fri
20250705,2025-07-05,2025,3,7,Jul,5,5,Sat
20250706,2025-07-06,2025,3,7,Jul,6,6,Sun
20250707,2025-07-07,2025,3,7,Jul,7,0,Mon
20250708,2025-07-08,2025,3,7,Jul,8,1,Tue
20250709,2025-07-09,2025,3,7,Jul,9,2,Wed
20250710,2025-07-10,2025,3,7,Jul,10,3,Thu
20250711,2025-07-11,2025,3,7,Jul,11,4,Fri
20250712,2025-07-12,2025,3,7,Jul,12,5,Sat
20250713,2025-07-13,2025,3,7,Jul,13,6,Sun
20250714,2025-07-14,2025,3,7,Jul,14,0,Mon
20250715,2025-07-15,2025,3,7,Jul,15,1,Tue
20250716,2025-07-16,2025,3,7,Jul,16,2,Wed
20250717,2025-07-17,2025,3,7,Jul,17,3,Thu
20250718,2025-07-18,2025,3,7,Jul,18,4,Fri
20250719,2025-07-19,2025,3,7,Jul,19,5,Sat
20250720,2025-07-20,2025,3,7,Jul,20,6,Sun
20250721,2025-07-21,2025,3,7,Jul,21,0,Mon
20250722,2025-07-22,2025,3,7,Jul,22,1,Tue
20250723,2025-07-23,2025,3,7,Jul,23,2,Wed
20250724,2025-07-24,2025,3,7,Jul,24,3,Thu
20250725,2025-07-25,2025,3,7,Jul,25,4,Fri
20250726,2025-07-26,2025,3,7,Jul,26,5,Sat
20250727,2025-07-27,2025,3,7,Jul,27,6,Sun
20250728,2025-07-28,2025,3,7,Jul,28,0,Mon
20250729,2025-07-29,2025,3,7,Jul,29,1,Tue
20250730,2025-07-30,2025,3,7,Jul,30,2,Wed
20250731,2025-07-31,2025,3,7,Jul,31,3,Thu
20250801,2025-08-01,2025,3,8,Aug,1,4,Fri
20250802,2025-08-02,2025,3,8,Aug,2,5,Sat
20250803,2025-08-03,2025,3,8,Aug,3,6,Sun
20250804,2025-08-04,2025,3,8,Aug,4,0,Mon
20250805,2025-08-05,2025,3,8,Aug,5,1,Tue
20250806,2025-08-06,2025,3,8,Aug,6,2,Wed
20250807,2025-08-07,2025,3,8,Aug,7,3,Thu
20250808,2025-08-08,2025,3,8,Aug,8,4,Fri
20250809,2025-08-09,2025,3,8,Aug,9,5,Sat
20250810,2025-08-10,2025,3,8,Aug,10,6,Sun
20250811,2025-08-11,2025,3,8,Aug,11,0,Mon
20250812,2025-08-12,2025,3,8,Aug,12,1,Tue
20250813,2025-08-13,2025,3,8,Aug,13,2,Wed
20250814,2025-08-14,2025,3,8,Aug,14,3,Thu
20250815,2025-08-15,2025,3,8,Aug,15,4,Fri
20250816,2025-08-16,2025,3,8,Aug,16,5,Sat
20250817,2025-08-17,2025,3,8,Aug,17,6,Sun
20250818,2025-08-18,2025,3,8,Aug,18,0,Mon
20250819,2025-08-19,2025,3,8,Aug,19,1,Tue
20250820,2025-08-20,2025,3,8,Aug,20,2,Wed
20250821,2025-08-21,2025,3,8,Aug,21,3,Thu
20250822,2025-08-22,2025,3,8,Aug,22,4,Fri
20250823,2025-08-23,2025,3,8,Aug,23,5,Sat
20250824,2025-08-24,2025,3,8,Aug,24,6,Sun
20250825,2025-08-25,2025,3,8,Aug,25,0,Mon
20250826,2025-08-26,2025,3,8,Aug,26,1,Tue
20250827,2025-08-27,2025,3,8,Aug,27,2,Wed
20250828,2025-08-28,2025,3,8,Aug,28,3,Thu
20250829,2025-08-29,2025,3,8,Aug,29,4,Fri
20250830,2025-08-30,2025,3,8,Aug,30,5,Sat
20250831,2025-08-31,2025,3,8,Aug,31,6,Sun
20250901,2025-09-01,2025,3,9,Sep,1,0,Mon
20250902,2025-09-02,2025,3,9,Sep,2,1,Tue
20250903,2025-09-03,2025,3,9,Sep,3,2,Wed
20250904,2025-09-04,2025,3,9,Sep,4,3,Thu
20250905,2025-09-05,2025,3,9,Sep,5,4,Fri
20250906,2025-09-06,2025,3,9,Sep,6,5,Sat
20250907,2025-09-07,2025,3,9,Sep,7,6,Sun
20250908,2025-09-08,2025,3,9,Sep,8,0,Mon
20250909,2025-09-09,2025,3,9,Sep,9,1,Tue
20250910,2025-09-10,2025,3,9,Sep,10,2,Wed
20250911,2025-09-11,2025,3,9,Sep,11,3,Thu
20250912,2025-09-12,2025,3,9,Sep,12,4,Fri
20250913,2025-09-13,2025,3,9,Sep,13,5,Sat
20250914,2025-09-14,2025,3,9,Sep,14,6,Sun
20250915,2025-09-15,2025,3,9,Sep,15,0,Mon
20250916,2025-09-16,2025,3,9,Sep,16,1,Tue
20250917,2025-09-17,2025,3,9,Sep,17,2,Wed
20250918,2025-09-18,2025,3,9,Sep,18,3,Thu
20250919,2025-09-19,2025,3,9,Sep,19,4,Fri
20250920,2025-09-20,2025,3,9,Sep,20,5,Sat
20250921,2025-09-21,2025,3,9,Sep,21,6,Sun
20250922,2025-09-22,2025,3,9,Sep,22,0,Mon
20250923,2025-09-23,2025,3,9,Sep,23,1,Tue
20250924,2025-09-24,2025,3,9,Sep,24,2,Wed
20250925,2025-09-25,2025,3,9,Sep,25,3,Thu
20250926,2025-09-26,2025,3,9,Sep,26,4,Fri
20250927,2025-09-27,2025,3,9,Sep,27,5,Sat
20250928,2025-09-28,2025,3,9,Sep,28,6,Sun
20250929,2025-09-29,2025,3,9,Sep,29,0,Mon
20250930,2025-09-30,2025,3,9,Sep,30,1,Tue
20251001,2025-10-01,2025,4,10,Oct,1,2,Wed
20251002,2025-10-02,2025,4,10,Oct,2,3,Thu
20251003,2025-10-03,2025,4,10,Oct,3,4,Fri
20251004,2025-10-04,2025,4,10,Oct,4,5,Sat
20251005,2025-10-05,2025,4,10,Oct,5,6,Sun
20251006,2025-10-06,2025,4,10,Oct,6,0,Mon
